ad_id,company,title,city,top_match_experience,top_match_score,matched_skills,url
1635673,CV-Online Recruitment,Vecākais datu arhitekts/-e,Rīga,Business Data Analyst | HR and Financial Reporting @ AS CleanR Grupa,0,,https://www.cv.lv/lv/vacancy/1635673
1635677,CV-Online Recruitment,Senior Data Architect,Rīga,Business Data Analyst | HR and Financial Reporting @ AS CleanR Grupa,1,data modelling; data reconciliation,https://www.cv.lv/lv/vacancy/1635677
1643199,CV-Online Recruitment,"Vecākais datu inženieris/-e, datu integrācija",Rīga,Business Data Analyst | HR and Financial Reporting @ AS CleanR Grupa,0,,https://www.cv.lv/lv/vacancy/1643199
1643212,CV-Online Recruitment,Senior Data Engineer - Data Integration,Rīga,Business Data Analyst | HR and Financial Reporting @ AS CleanR Grupa,1,data modelling; data reconciliation,https://www.cv.lv/lv/vacancy/1643212
1646879,Latvijas Valsts radio un televīzijas centrs VAS,Biznesa virziena vadītājs/-a (Uzticamības un elektroniskās identifikācijas pakalpojumi),Rīga,Business Data Analyst | HR and Financial Reporting @ AS CleanR Grupa,1,,https://www.cv.lv/lv/vacancy/1646879
1647683,Eiropas dzelzceļa līnijas SIA,Projekta plānošanas un kontroles departamenta direktors/-e,Rīga,Demand Planner and Operations Analyst @ SIA Himalaya Wellness Latvia,1,,https://www.cv.lv/lv/vacancy/1647683
1647714,CV-Online Recruitment klients,Loģistikas direktors/-e,Rīga,Business Data Analyst | HR and Financial Reporting @ AS CleanR Grupa,0,,https://www.cv.lv/lv/vacancy/1647714
1643162,CV-Online Recruitment,Vecākais/-ā datu inženieris-e - datu risinājumi,Rīga,Business Data Analyst | HR and Financial Reporting @ AS CleanR Grupa,0,,https://www.cv.lv/lv/vacancy/1643162
1643170,CV-Online Recruitment,Senior Data Engineer - Data Solutions,Rīga,Business Data Analyst | HR and Financial Reporting @ AS CleanR Grupa,1,data modelling; data reconciliation,https://www.cv.lv/lv/vacancy/1643170
1634093,"Jet Finance LLP, Fintech",Head of Data Platform — YUSR Group,Rīga,Business Data Analyst | HR and Financial Reporting @ AS CleanR Grupa,1,data modelling; data reconciliation,https://www.cv.lv/lv/vacancy/1634093
1644410,Mintos,Security Operations Analyst,Rīga,Demand Planner and Operations Analyst @ SIA Himalaya Wellness Latvia,2,,https://www.cv.lv/lv/vacancy/1644410
1648497,WorkingDay Latvia,Biznesa virziena vadītājs/-a,Rīga,Business Data Analyst | HR and Financial Reporting @ AS CleanR Grupa,1,,https://www.cv.lv/lv/vacancy/1648497
1646890,CV-Online Recruitment,AI un automatizācijas biznesa partneris/-e,Rīga,Business Data Analyst | HR and Financial Reporting @ AS CleanR Grupa,1,,https://www.cv.lv/lv/vacancy/1646890
1643251,Rietumu Banka AS,Sankciju kontrolieris/-e Finanšu noziegumu novēršanas pārvalde,Rīga,Business Data Analyst | HR and Financial Reporting @ AS CleanR Grupa,0,,https://www.cv.lv/lv/vacancy/1643251
1640043,Rietumu Banka AS,Grāmatvedības datu analītikas nodaļas vadītājs/-a (darbs ar regulāciju pārskatu funkciju vadīšanu),Rīga,Business Data Analyst | HR and Financial Reporting @ AS CleanR Grupa,0,,https://www.cv.lv/lv/vacancy/1640043
1645692,BluOr Bank AS,IKT risku analītiķis/-e,Rīga,Business Data Analyst | HR and Financial Reporting @ AS CleanR Grupa,0,,https://www.cv.lv/lv/vacancy/1645692
1644204,If P&C Insurance AS Latvijas filiāle,Data Enablement Engineer,Rīga,Business Data Analyst | HR and Financial Reporting @ AS CleanR Grupa,1,data modelling; data reconciliation,https://www.cv.lv/lv/vacancy/1644204
1641288,Magnetiq Bank AS,Datu bāzu administrators/-e,Rīga,Business Data Analyst | HR and Financial Reporting @ AS CleanR Grupa,0,,https://www.cv.lv/lv/vacancy/1641288
1641596,Eleving Group,Database Administrator,Rīga,Business Data Analyst | HR and Financial Reporting @ AS CleanR Grupa,1,,https://www.cv.lv/lv/vacancy/1641596
1638983,Eleving Consumer Finance AS,Senior Data Engineer,Rīga,Business Data Analyst | HR and Financial Reporting @ AS CleanR Grupa,1,data modelling; data reconciliation,https://www.cv.lv/lv/vacancy/1638983
1635752,Epic Frog,Data Engineer,Rīga,Business Data Analyst | HR and Financial Reporting @ AS CleanR Grupa,1,data modelling; data reconciliation,https://www.cv.lv/lv/vacancy/1635752
1633382,Atea Global Services,Data Engineer,Rīga,Business Data Analyst | HR and Financial Reporting @ AS CleanR Grupa,1,data modelling; data reconciliation,https://www.cv.lv/lv/vacancy/1633382
1632570,Visidarbi.lv klients,B2B SaaS Business Development Manager/ Biznesa attīstības vadītājs/-a,Rīga,Business Data Analyst | HR and Financial Reporting @ AS CleanR Grupa,3,,https://www.cv.lv/lv/vacancy/1632570
1631597,Evolution Latvia SIA,Datu zinātnieks / Data Scientist (Risk and fraud detection / ML),Rīga,Business Data Analyst | HR and Financial Reporting @ AS CleanR Grupa,1,data modelling; data reconciliation,https://www.cv.lv/lv/vacancy/1631597
1645546,If P&C Insurance AS Latvijas filiāle,Business Requirements Analyst / Quality Assurance Specialist,Rīga,Business Data Analyst | HR and Financial Reporting @ AS CleanR Grupa,2,,https://www.cv.lv/lv/vacancy/1645546
1645687,SEB,"Senior IT Analyst/ Vecākais(-ā) IT analītiķis(-e) in Corporate Lending Team | SEB, Riga",Rīga,Business Data Analyst | HR and Financial Reporting @ AS CleanR Grupa,1,,https://www.cv.lv/lv/vacancy/1645687
1633293,Cabot Latvia SIA,EMEA Regional Finance Business Partner - EMEA Reģionālais Finanšu Biznesa Partneris/-e,Rīga,Business Data Analyst | HR and Financial Reporting @ AS CleanR Grupa,2,,https://www.cv.lv/lv/vacancy/1633293
1641559,Mintos,Senior AML Analyst (Legal Entities EDDs),Rīga,Business Data Analyst | HR and Financial Reporting @ AS CleanR Grupa,1,,https://www.cv.lv/lv/vacancy/1641559
1647803,WorkingDay Latvia,Statistikas pārskatu sagatavošanas speciālists/-e,Rīga,Business Data Analyst | HR and Financial Reporting @ AS CleanR Grupa,0,,https://www.cv.lv/lv/vacancy/1647803
1644051,Elva Baltic SIA,Sistēmanalītiķis/-e,Rīga,Supply Chain Manager | Customer Service and Logistics Team Lead @ SIA Lofbergs Baltic,1,,https://www.cv.lv/lv/vacancy/1644051
1641672,Eleving Group,Senior Credit Risk Analyst,Rīga,Business Data Analyst | HR and Financial Reporting @ AS CleanR Grupa,1,,https://www.cv.lv/lv/vacancy/1641672
1631263,Atea Global Services,Senior Analytics Engineer,Rīga,Supply Chain Manager | Customer Service and Logistics Team Lead @ SIA Lofbergs Baltic,2,,https://www.cv.lv/lv/vacancy/1631263
1644063,Evolution Latvia SIA,Datu zinātnieks / Data Scientist (Information Security Threat Detection team),Rīga,Business Data Analyst | HR and Financial Reporting @ AS CleanR Grupa,2,data modelling; data reconciliation,https://www.cv.lv/lv/vacancy/1644063
1643521,SIA Data Visualization Software Lab,Power BI reportu veidotājs,Rīga,Business Data Analyst | HR and Financial Reporting @ AS CleanR Grupa,3,data modelling; data reconciliation; power bi; power pivot; power query,https://www.cv.lv/lv/vacancy/1643521
1643796,Evolution Latvia SIA,Produktu biznesa analītiķis (-e) (Spēļu Izstrāde) / Product Business Analyst (Game Development),Rīga,Business Data Analyst | HR and Financial Reporting @ AS CleanR Grupa,3,,https://www.cv.lv/lv/vacancy/1643796
1635723,Redwire Defense Tech Riga,Financial Controller,Rīga,Business Data Analyst | HR and Financial Reporting @ AS CleanR Grupa,1,,https://www.cv.lv/lv/vacancy/1635723
1635207,Evolution Latvia SIA,Produktu biznesa analītiķis / Product Business Analyst (Mobile App & Integrations),Rīga,Business Data Analyst | HR and Financial Reporting @ AS CleanR Grupa,4,,https://www.cv.lv/lv/vacancy/1635207
1635272,Signet Bank AS,Vecākais kredītrisku analītiķis/-e,Rīga,Business Data Analyst | HR and Financial Reporting @ AS CleanR Grupa,0,,https://www.cv.lv/lv/vacancy/1635272
1634430,Decta SIA,Lawyer specializing in personal data processing,Rīga,Business Data Analyst | HR and Financial Reporting @ AS CleanR Grupa,2,data modelling; data reconciliation,https://www.cv.lv/lv/vacancy/1634430
1632318,"Mogotel Hotel Group, AS",Business Processes IT Development Specialist,Rīga,Business Data Analyst | HR and Financial Reporting @ AS CleanR Grupa,2,,https://www.cv.lv/lv/vacancy/1632318
1631679,UPB AS,"Apkures, ventilācijas un klimata kontroles sistēmu projektētājs/-a",Rīga,Business Data Analyst | HR and Financial Reporting @ AS CleanR Grupa,0,,https://www.cv.lv/lv/vacancy/1631679
1629589,SEB,"Business Information Data Architect /Biznesa informācijas datu arhitekts | SEB, Riga",Rīga,Business Data Analyst | HR and Financial Reporting @ AS CleanR Grupa,3,data modelling; data reconciliation,https://www.cv.lv/lv/vacancy/1629589
1648476,Olpha,IT DATU ANALĪTIĶIS/-E,Olaine,Business Data Analyst | HR and Financial Reporting @ AS CleanR Grupa,0,,https://www.cv.lv/lv/vacancy/1648476
1647724,RETN Baltic SIA,Telecom Carrier Procurement Specialist,Rīga,Supply Chain Manager | Customer Service and Logistics Team Lead @ SIA Lofbergs Baltic,1,,https://www.cv.lv/lv/vacancy/1647724
1644758,Bonava Latvija SIA,Būvniecības iepirkumu speciālists/-e,Rīga,Business Data Analyst | HR and Financial Reporting @ AS CleanR Grupa,0,,https://www.cv.lv/lv/vacancy/1644758
1643464,Latvenergo AS,IT projektu vadītājs/-a (Kvantitatīvās analītikas daļā),Rīga,Business Data Analyst | HR and Financial Reporting @ AS CleanR Grupa,0,,https://www.cv.lv/lv/vacancy/1643464
1640017,HELMES LATVIA SIA,HR biznesa partneris/-e,Rīga,Business Data Analyst | HR and Financial Reporting @ AS CleanR Grupa,2,,https://www.cv.lv/lv/vacancy/1640017
1632650,Dinair Filton,Vecākais iepirkumu speciālists/e,Olaine,Business Data Analyst | HR and Financial Reporting @ AS CleanR Grupa,0,,https://www.cv.lv/lv/vacancy/1632650
1642073,Latvijas Lauku konsultāciju un izglītības centrs SIA,Biznesa inkubatora (BI) vadītājs/-a,,Business Data Analyst | HR and Financial Reporting @ AS CleanR Grupa,2,power bi,https://www.cv.lv/lv/vacancy/1642073
1641481,CV-Online Recruitment klients,Finanšu speciālists/-e - Analītiķis/-e,Rīga,Business Data Analyst | HR and Financial Reporting @ AS CleanR Grupa,0,,https://www.cv.lv/lv/vacancy/1641481
1648756,Centrālā statistikas pārvalde,"Datu apstrādes, analīzes un izplatīšanas daļas vadītājs/-a",Rīga,Business Data Analyst | HR and Financial Reporting @ AS CleanR Grupa,0,,https://www.cv.lv/lv/vacancy/1648756
1648261,IKEA ,Finanšu kontrolieris/-e,Rīga,Business Data Analyst | HR and Financial Reporting @ AS CleanR Grupa,0,,https://www.cv.lv/lv/vacancy/1648261
1647259,Latvijas Investīciju un attīstības aģentūra,Sistēmanalītiķis/-e (administrators/-e),Rīga,Business Data Analyst | HR and Financial Reporting @ AS CleanR Grupa,0,,https://www.cv.lv/lv/vacancy/1647259
1645410,Tirdzniecības Nams Kurši SIA,Datu tīklu un IT infrastruktūras speciālists,Rīga,Business Data Analyst | HR and Financial Reporting @ AS CleanR Grupa,0,,https://www.cv.lv/lv/vacancy/1645410
1644757,Karcher Technology Latvia SIA,Operational procurement specialist,Jelgava,Demand Planner and Operations Analyst @ SIA Himalaya Wellness Latvia,1,,https://www.cv.lv/lv/vacancy/1644757
1644062,Evolution Latvia SIA,Biznesa Inteliģences Datu Analītiķis / Business Intelligence Data Analyst,Rīga,Business Data Analyst | HR and Financial Reporting @ AS CleanR Grupa,4,data modelling; data reconciliation,https://www.cv.lv/lv/vacancy/1644062
1643771,Finanšu izlūkošanas dienests,Vecākais analītiķis Sankciju izpildes nodaļā,Rīga,Business Data Analyst | HR and Financial Reporting @ AS CleanR Grupa,0,,https://www.cv.lv/lv/vacancy/1643771
1641108,Wandoo Finance SIA,Data Analyst,Rīga,Business Data Analyst | HR and Financial Reporting @ AS CleanR Grupa,2,data modelling; data reconciliation,https://www.cv.lv/lv/vacancy/1641108
1641582,Wandoo Finance SIA,Data Engineer,Rīga,Business Data Analyst | HR and Financial Reporting @ AS CleanR Grupa,1,data modelling; data reconciliation,https://www.cv.lv/lv/vacancy/1641582
1639457,"Latvijas dzelzceļš, VAS",Vecākais/-ā IT projektu vadītājs/-a (MI un datu analītikas joma),Rīga,Business Data Analyst | HR and Financial Reporting @ AS CleanR Grupa,0,,https://www.cv.lv/lv/vacancy/1639457
1638666,HansaMatrix,Biznesa analītiķis/-e / Sistēmas dokumentētājs/-a,Rīga,Business Data Analyst | HR and Financial Reporting @ AS CleanR Grupa,1,,https://www.cv.lv/lv/vacancy/1638666
1636575,Latvijas Sabiedriskais medijs,Finanšu analītiķis/-e,Rīga,Business Data Analyst | HR and Financial Reporting @ AS CleanR Grupa,1,,https://www.cv.lv/lv/vacancy/1636575
1636095,Decta SIA,Business Analyst,Rīga,Business Data Analyst | HR and Financial Reporting @ AS CleanR Grupa,2,,https://www.cv.lv/lv/vacancy/1636095
1631129,CV-Online Recruitment,Iepirkumu speciālists/-e,Rīga,Business Data Analyst | HR and Financial Reporting @ AS CleanR Grupa,0,,https://www.cv.lv/lv/vacancy/1631129
1638030,Rīgas ūdens SIA,"Notekūdeņu kontroles grupas vadītājs/-a, Apvienotā ūdens kvalitātes kontroles laboratorijā",Rīga,Business Data Analyst | HR and Financial Reporting @ AS CleanR Grupa,0,,https://www.cv.lv/lv/vacancy/1638030
1644158,Swedbank AS,Business Analyst in Baltic Banking Channels Analysis,Rīga,Business Data Analyst | HR and Financial Reporting @ AS CleanR Grupa,2,root-cause analysis; variance and trend analysis,https://www.cv.lv/lv/vacancy/1644158
1648736,Polipaks Ltd.,Finanšu analītiķis (-e),Rīga,Business Data Analyst | HR and Financial Reporting @ AS CleanR Grupa,0,,https://www.cv.lv/lv/vacancy/1648736
1647728,Latvenergo AS,Darbības atbilstības un kontroles speciālists/-e,Rīga,Business Data Analyst | HR and Financial Reporting @ AS CleanR Grupa,1,,https://www.cv.lv/lv/vacancy/1647728
1642251,"LPKS ""LATRAPS""",Finanšu un risku analītiķis/-e,,Business Data Analyst | HR and Financial Reporting @ AS CleanR Grupa,0,,https://www.cv.lv/lv/vacancy/1642251
1631943,Intellify SIA,Datu integrācijas un kvalitātes inženieris/e,Rīga,Business Data Analyst | HR and Financial Reporting @ AS CleanR Grupa,0,,https://www.cv.lv/lv/vacancy/1631943
1632455,CIVINITY Latvija,Iepirkumu speciālists/-e,Rīga,Business Data Analyst | HR and Financial Reporting @ AS CleanR Grupa,0,,https://www.cv.lv/lv/vacancy/1632455
1631281,SIA Aerones Engineering,Procurement specialist,Rīga,Business Data Analyst | HR and Financial Reporting @ AS CleanR Grupa,0,,https://www.cv.lv/lv/vacancy/1631281
