ad_id;company;title;city;salary_from_eur;salary_to_eur;first_seen;last_seen;expires_at;remote_type;url
1635673;CV-Online Recruitment;Vecākais datu arhitekts/-e;Rīga;7000;8000;2026-08-10;2026-08-31;2026-09-07T23:59:59.999+00:00;HYBRID;https://www.cv.lv/lv/vacancy/1635673
1635677;CV-Online Recruitment;Senior Data Architect;Rīga;7000;8000;2026-08-10;2026-08-31;2026-09-07T23:59:59.999+00:00;HYBRID;https://www.cv.lv/lv/vacancy/1635677
1643199;CV-Online Recruitment;Vecākais datu inženieris/-e, datu integrācija;Rīga;5000;6000;2026-08-20;2026-08-31;2026-09-20T23:59:59.999+00:00;HYBRID;https://www.cv.lv/lv/vacancy/1643199
1643212;CV-Online Recruitment;Senior Data Engineer - Data Integration;Rīga;5000;6000;2026-08-20;2026-08-31;2026-09-20T23:59:59.999+00:00;HYBRID;https://www.cv.lv/lv/vacancy/1643212
1646879;Latvijas Valsts radio un televīzijas centrs VAS;Biznesa virziena vadītājs/-a (Uzticamības un elektroniskās identifikācijas pakalpojumi);Rīga;4800;5000;2026-08-27;2026-08-31;2026-09-17T23:59:59.999+00:00;HYBRID;https://www.cv.lv/lv/vacancy/1646879
1647683;Eiropas dzelzceļa līnijas SIA;Projekta plānošanas un kontroles departamenta direktors/-e;Rīga;4600;;2026-08-28;2026-08-31;2026-09-14T23:59:59.999+00:00;HYBRID;https://www.cv.lv/lv/vacancy/1647683
1647714;CV-Online Recruitment klients;Loģistikas direktors/-e;Rīga;4500;;2026-08-28;2026-08-31;2026-09-11T23:59:59.999+00:00;ON_SITE;https://www.cv.lv/lv/vacancy/1647714
1643162;CV-Online Recruitment;Vecākais/-ā datu inženieris-e - datu risinājumi;Rīga;4500;5500;2026-08-20;2026-08-31;2026-09-20T23:59:59.999+00:00;HYBRID;https://www.cv.lv/lv/vacancy/1643162
1643170;CV-Online Recruitment;Senior Data Engineer - Data Solutions;Rīga;4500;5500;2026-08-20;2026-08-31;2026-09-20T23:59:59.999+00:00;HYBRID;https://www.cv.lv/lv/vacancy/1643170
1634093;Jet Finance LLP, Fintech;Head of Data Platform — YUSR Group;Rīga;4500;8500;2026-08-07;2026-08-31;2026-09-07T23:59:59.999+00:00;HYBRID;https://www.cv.lv/lv/vacancy/1634093
1644410;Mintos;Security Operations Analyst;Rīga;4400;4800;2026-08-24;2026-08-31;2026-09-24T23:59:59.999+00:00;ON_SITE;https://www.cv.lv/lv/vacancy/1644410
1648497;WorkingDay Latvia;Biznesa virziena vadītājs/-a;Rīga;4000;4500;2026-08-31;2026-08-31;2026-09-30T23:59:59.999+00:00;ON_SITE;https://www.cv.lv/lv/vacancy/1648497
1646890;CV-Online Recruitment;AI un automatizācijas biznesa partneris/-e;Rīga;4000;5500;2026-08-27;2026-08-31;2026-09-28T23:59:59.999+00:00;HYBRID;https://www.cv.lv/lv/vacancy/1646890
1643251;Rietumu Banka AS;Sankciju kontrolieris/-e Finanšu noziegumu novēršanas pārvalde;Rīga;4000;;2026-08-20;2026-08-31;2026-09-20T23:59:59.999+00:00;ON_SITE;https://www.cv.lv/lv/vacancy/1643251
1640043;Rietumu Banka AS;Grāmatvedības datu analītikas nodaļas vadītājs/-a (darbs ar regulāciju pārskatu funkciju vadīšanu);Rīga;4000;4500;2026-08-17;2026-08-31;2026-09-17T23:59:59.999+00:00;ON_SITE;https://www.cv.lv/lv/vacancy/1640043
1645692;BluOr Bank AS;IKT risku analītiķis/-e;Rīga;3500;4100;2026-08-25;2026-08-31;2026-09-25T23:59:59.999+00:00;HYBRID;https://www.cv.lv/lv/vacancy/1645692
1644204;If P&C Insurance AS Latvijas filiāle;Data Enablement Engineer;Rīga;3500;4500;2026-08-24;2026-08-31;2026-09-13T23:59:59.999+00:00;HYBRID;https://www.cv.lv/lv/vacancy/1644204
1641288;Magnetiq Bank AS;Datu bāzu administrators/-e;Rīga;3500;4000;2026-08-18;2026-08-31;2026-09-18T23:59:59.999+00:00;ON_SITE;https://www.cv.lv/lv/vacancy/1641288
1641596;Eleving Group;Database Administrator;Rīga;3500;4500;2026-08-18;2026-08-31;2026-09-18T23:59:59.999+00:00;ON_SITE;https://www.cv.lv/lv/vacancy/1641596
1638983;Eleving Consumer Finance AS;Senior Data Engineer;Rīga;3500;4200;2026-08-13;2026-08-31;2026-09-13T23:59:59.999+00:00;HYBRID;https://www.cv.lv/lv/vacancy/1638983
1635752;Epic Frog;Data Engineer;Rīga;3500;6000;2026-08-10;2026-08-31;2026-09-10T23:59:59.999+00:00;ON_SITE;https://www.cv.lv/lv/vacancy/1635752
1633382;Atea Global Services;Data Engineer;Rīga;3500;4500;2026-08-05;2026-08-31;2026-09-05T23:59:59.999+00:00;HYBRID;https://www.cv.lv/lv/vacancy/1633382
1632570;Visidarbi.lv klients;B2B SaaS Business Development Manager/ Biznesa attīstības vadītājs/-a;Rīga;3500;5000;2026-08-04;2026-08-31;2026-09-04T23:59:59.999+00:00;ON_SITE;https://www.cv.lv/lv/vacancy/1632570
1631597;Evolution Latvia SIA;Datu zinātnieks / Data Scientist (Risk and fraud detection / ML);Rīga;3400;6400;2026-08-03;2026-08-31;2026-09-03T23:59:59.999+00:00;HYBRID;https://www.cv.lv/lv/vacancy/1631597
1645546;If P&C Insurance AS Latvijas filiāle;Business Requirements Analyst / Quality Assurance Specialist;Rīga;3300;4500;2026-08-25;2026-08-31;2026-09-08T23:59:59.999+00:00;HYBRID;https://www.cv.lv/lv/vacancy/1645546
1645687;SEB;Senior IT Analyst/ Vecākais(-ā) IT analītiķis(-e) in Corporate Lending Team | SEB, Riga;Rīga;3300;4750;2026-08-25;2026-08-31;2026-09-30T23:59:59.999+00:00;ON_SITE;https://www.cv.lv/lv/vacancy/1645687
1633293;Cabot Latvia SIA;EMEA Regional Finance Business Partner - EMEA Reģionālais Finanšu Biznesa Partneris/-e;Rīga;3250;4650;2026-08-05;2026-08-31;2026-09-05T23:59:59.999+00:00;HYBRID;https://www.cv.lv/lv/vacancy/1633293
1641559;Mintos;Senior AML Analyst (Legal Entities EDDs);Rīga;3240;3760;2026-08-18;2026-08-31;2026-09-04T23:59:59.999+00:00;ON_SITE;https://www.cv.lv/lv/vacancy/1641559
1647803;WorkingDay Latvia;Statistikas pārskatu sagatavošanas speciālists/-e;Rīga;3200;3500;2026-08-28;2026-08-31;2026-09-28T23:59:59.999+00:00;HYBRID;https://www.cv.lv/lv/vacancy/1647803
1644051;Elva Baltic SIA;Sistēmanalītiķis/-e;Rīga;3200;3700;2026-08-22;2026-08-31;2026-09-22T23:59:59.999+00:00;HYBRID;https://www.cv.lv/lv/vacancy/1644051
1641672;Eleving Group;Senior Credit Risk Analyst;Rīga;3200;5000;2026-08-18;2026-08-31;2026-09-18T23:59:59.999+00:00;ON_SITE;https://www.cv.lv/lv/vacancy/1641672
1631263;Atea Global Services;Senior Analytics Engineer;Rīga;3200;3400;2026-08-03;2026-08-31;2026-09-03T23:59:59.999+00:00;HYBRID;https://www.cv.lv/lv/vacancy/1631263
1644063;Evolution Latvia SIA;Datu zinātnieks / Data Scientist (Information Security Threat Detection team);Rīga;3000;6600;2026-08-22;2026-08-31;2026-09-22T23:59:59.999+00:00;HYBRID;https://www.cv.lv/lv/vacancy/1644063
1643521;SIA Data Visualization Software Lab;Power BI reportu veidotājs;Rīga;3000;4500;2026-08-21;2026-08-31;2026-09-21T23:59:59.999+00:00;HYBRID;https://www.cv.lv/lv/vacancy/1643521
1643796;Evolution Latvia SIA;Produktu biznesa analītiķis (-e) (Spēļu Izstrāde) / Product Business Analyst (Game Development);Rīga;3000;3800;2026-08-21;2026-08-31;2026-09-21T23:59:59.999+00:00;HYBRID;https://www.cv.lv/lv/vacancy/1643796
1635723;Redwire Defense Tech Riga;Financial Controller;Rīga;3000;3500;2026-08-10;2026-08-31;2026-09-10T23:59:59.999+00:00;HYBRID;https://www.cv.lv/lv/vacancy/1635723
1635207;Evolution Latvia SIA;Produktu biznesa analītiķis / Product Business Analyst (Mobile App & Integrations);Rīga;3000;4000;2026-08-07;2026-08-31;2026-09-07T23:59:59.999+00:00;HYBRID;https://www.cv.lv/lv/vacancy/1635207
1635272;Signet Bank AS;Vecākais kredītrisku analītiķis/-e;Rīga;3000;3500;2026-08-07;2026-08-31;2026-09-07T23:59:59.999+00:00;HYBRID;https://www.cv.lv/lv/vacancy/1635272
1634430;Decta SIA;Lawyer specializing in personal data processing;Rīga;3000;3500;2026-08-06;2026-08-31;2026-09-06T23:59:59.999+00:00;ON_SITE;https://www.cv.lv/lv/vacancy/1634430
1632318;Mogotel Hotel Group, AS;Business Processes IT Development Specialist;Rīga;3000;;2026-08-04;2026-08-31;2026-09-04T23:59:59.999+00:00;ON_SITE;https://www.cv.lv/lv/vacancy/1632318
1631679;UPB AS;Apkures, ventilācijas un klimata kontroles sistēmu projektētājs/-a;Rīga;3000;;2026-08-03;2026-08-31;2026-09-03T23:59:59.999+00:00;ON_SITE;https://www.cv.lv/lv/vacancy/1631679
1629589;SEB;Business Information Data Architect /Biznesa informācijas datu arhitekts | SEB, Riga;Rīga;2950;4450;2026-07-29;2026-08-28;2026-09-27T23:59:59.999+00:00;ON_SITE;https://www.cv.lv/lv/vacancy/1629589
1648476;Olpha;IT DATU ANALĪTIĶIS/-E;Olaine;2700;2900;2026-08-31;2026-08-31;2026-09-30T23:59:59.999+00:00;ON_SITE;https://www.cv.lv/lv/vacancy/1648476
1647724;RETN Baltic SIA;Telecom Carrier Procurement Specialist;Rīga;2700;3500;2026-08-28;2026-08-31;2026-09-28T23:59:59.999+00:00;ON_SITE;https://www.cv.lv/lv/vacancy/1647724
1644758;Bonava Latvija SIA;Būvniecības iepirkumu speciālists/-e;Rīga;2700;3100;2026-08-24;2026-08-31;2026-09-14T23:59:59.999+00:00;HYBRID;https://www.cv.lv/lv/vacancy/1644758
1643464;Latvenergo AS;IT projektu vadītājs/-a (Kvantitatīvās analītikas daļā);Rīga;2700;3000;2026-08-21;2026-08-31;2026-09-02T23:59:59.999+00:00;HYBRID;https://www.cv.lv/lv/vacancy/1643464
1640017;HELMES LATVIA SIA;HR biznesa partneris/-e;Rīga;2700;4000;2026-08-17;2026-08-31;2026-09-17T23:59:59.999+00:00;HYBRID;https://www.cv.lv/lv/vacancy/1640017
1632650;Dinair Filton;Vecākais iepirkumu speciālists/e;Olaine;2700;2700;2026-08-04;2026-08-31;2026-09-03T23:59:59.999+00:00;HYBRID;https://www.cv.lv/lv/vacancy/1632650
1642073;Latvijas Lauku konsultāciju un izglītības centrs SIA;Biznesa inkubatora (BI) vadītājs/-a;;2600;;2026-08-19;2026-08-31;2026-09-18T23:59:59.999+00:00;ON_SITE;https://www.cv.lv/lv/vacancy/1642073
1641481;CV-Online Recruitment klients;Finanšu speciālists/-e - Analītiķis/-e;Rīga;2600;;2026-08-18;2026-08-31;2026-09-01T23:59:59.999+00:00;ON_SITE;https://www.cv.lv/lv/vacancy/1641481
1648756;Centrālā statistikas pārvalde;Datu apstrādes, analīzes un izplatīšanas daļas vadītājs/-a;Rīga;2550;3000;2026-08-31;2026-08-31;2026-09-15T23:59:59.999+00:00;HYBRID;https://www.cv.lv/lv/vacancy/1648756
1648261;IKEA ;Finanšu kontrolieris/-e;Rīga;2500;2500;2026-08-31;2026-08-31;2026-09-11T23:59:59.999+00:00;ON_SITE;https://www.cv.lv/lv/vacancy/1648261
1647259;Latvijas Investīciju un attīstības aģentūra;Sistēmanalītiķis/-e (administrators/-e);Rīga;2500;2900;2026-08-27;2026-08-31;2026-09-11T23:59:59.999+00:00;HYBRID;https://www.cv.lv/lv/vacancy/1647259
1645410;Tirdzniecības Nams Kurši SIA;Datu tīklu un IT infrastruktūras speciālists;Rīga;2500;3200;2026-08-25;2026-08-31;2026-09-25T23:59:59.999+00:00;ON_SITE;https://www.cv.lv/lv/vacancy/1645410
1644757;Karcher Technology Latvia SIA;Operational procurement specialist;Jelgava;2500;;2026-08-24;2026-08-31;2026-09-24T23:59:59.999+00:00;ON_SITE;https://www.cv.lv/lv/vacancy/1644757
1644062;Evolution Latvia SIA;Biznesa Inteliģences Datu Analītiķis / Business Intelligence Data Analyst;Rīga;2500;4500;2026-08-22;2026-08-31;2026-09-22T23:59:59.999+00:00;ON_SITE;https://www.cv.lv/lv/vacancy/1644062
1643771;Finanšu izlūkošanas dienests;Vecākais analītiķis Sankciju izpildes nodaļā;Rīga;2500;2800;2026-08-21;2026-08-31;2026-09-06T23:59:59.999+00:00;ON_SITE;https://www.cv.lv/lv/vacancy/1643771
1641108;Wandoo Finance SIA;Data Analyst;Rīga;2500;4500;2026-08-18;2026-08-31;2026-09-18T23:59:59.999+00:00;HYBRID;https://www.cv.lv/lv/vacancy/1641108
1641582;Wandoo Finance SIA;Data Engineer;Rīga;2500;4500;2026-08-18;2026-08-31;2026-09-18T23:59:59.999+00:00;HYBRID;https://www.cv.lv/lv/vacancy/1641582
1639457;Latvijas dzelzceļš, VAS;Vecākais/-ā IT projektu vadītājs/-a (MI un datu analītikas joma);Rīga;2500;3300;2026-08-14;2026-08-31;2026-09-14T23:59:59.999+00:00;ON_SITE;https://www.cv.lv/lv/vacancy/1639457
1638666;HansaMatrix;Biznesa analītiķis/-e / Sistēmas dokumentētājs/-a;Rīga;2500;2800;2026-08-13;2026-08-31;2026-09-13T23:59:59.999+00:00;HYBRID;https://www.cv.lv/lv/vacancy/1638666
1636575;Latvijas Sabiedriskais medijs;Finanšu analītiķis/-e;Rīga;2500;2500;2026-08-11;2026-08-31;2026-09-08T23:59:59.999+00:00;ON_SITE;https://www.cv.lv/lv/vacancy/1636575
1636095;Decta SIA;Business Analyst;Rīga;2500;3000;2026-08-10;2026-08-31;2026-09-10T23:59:59.999+00:00;ON_SITE;https://www.cv.lv/lv/vacancy/1636095
1631129;CV-Online Recruitment;Iepirkumu speciālists/-e;Rīga;2500;;2026-08-03;2026-08-31;2026-09-20T23:59:59.999+00:00;ON_SITE;https://www.cv.lv/lv/vacancy/1631129
1638030;Rīgas ūdens SIA;Notekūdeņu kontroles grupas vadītājs/-a, Apvienotā ūdens kvalitātes kontroles laboratorijā;Rīga;2455;2455;2026-08-12;2026-08-31;2026-09-02T23:59:59.999+00:00;ON_SITE;https://www.cv.lv/lv/vacancy/1638030
1644158;Swedbank AS;Business Analyst in Baltic Banking Channels Analysis;Rīga;2450;3650;2026-08-24;2026-08-31;2026-09-06T23:59:59.999+00:00;HYBRID;https://www.cv.lv/lv/vacancy/1644158
1648736;Polipaks Ltd.;Finanšu analītiķis (-e);Rīga;2400;2700;2026-08-31;2026-08-31;2026-09-30T23:59:59.999+00:00;HYBRID;https://www.cv.lv/lv/vacancy/1648736
1647728;Latvenergo AS;Darbības atbilstības un kontroles speciālists/-e;Rīga;2400;2900;2026-08-28;2026-08-31;2026-09-11T23:59:59.999+00:00;HYBRID;https://www.cv.lv/lv/vacancy/1647728
1642251;"LPKS ""LATRAPS""";Finanšu un risku analītiķis/-e;;2400;2700;2026-08-19;2026-08-31;2026-09-19T23:59:59.999+00:00;HYBRID;https://www.cv.lv/lv/vacancy/1642251
1631943;Intellify SIA;Datu integrācijas un kvalitātes inženieris/e;Rīga;2400;3400;2026-08-04;2026-08-31;2026-09-04T23:59:59.999+00:00;HYBRID;https://www.cv.lv/lv/vacancy/1631943
1632455;CIVINITY Latvija;Iepirkumu speciālists/-e;Rīga;2400;2700;2026-08-04;2026-08-31;2026-09-04T23:59:59.999+00:00;ON_SITE;https://www.cv.lv/lv/vacancy/1632455
1631281;SIA Aerones Engineering;Procurement specialist;Rīga;2400;2700;2026-08-03;2026-08-31;2026-09-03T23:59:59.999+00:00;ON_SITE;https://www.cv.lv/lv/vacancy/1631281
